KSTAR_KINASE,F0763,F2601,F2673,F3892,F6350,F6962,F8011,F8903,F9135,R3221,R3762,R5657,R7919,R8774,R9150,T1820,T2100,T2413,T4070,T4954,T5062,T5177,T5282,T6591,T8546,T8724,X3720,X7790,X7910,X8719
ACVR2B,1.4088869767325618,3.5410721755851573e-10,0.00021728741560038484,7.4656291038232164e-06,4.187690968409438e-05,1.0093615592424985e-12,3.1928882417591074e-13,-0.0,1.1079855443017003e-06,2.209071325968789e-05,6.16803866969367e-08,0.12197859505682421,4.239301192988235e-10,0.8994043840952992,4.339473599489794e-16,0.012573980065575764,1.702037978466585e-14,3.6079039263821727e-10,0.0013321323675954736,0.0045310440641305886,0.041613523526945695,2.9566308048628334,4.657837541837008e-05,-0.0,1.0102198106983075e-11,3.246742132135378e-08,6.4712303468316345e-06,0.16136738836596368,0.17486952429627983,-0.0
AKT1,32.4855012266634,13.311539617194507,6.6699777528455835,33.08481051811899,2.0564862488963316,0.8054592287211121,31.732566604844408,0.11885497102469228,0.0022276967451593382,1.292577637787395e-06,26.558851275572493,33.356875983821126,26.510192300507704,31.3257404784618,15.440363533298056,30.615462923380406,8.025356034033703e-07,1.524903760894003,1.1877185907099321,32.344048549919904,33.27327985098364,22.637664699458803,33.01132284209669,30.324155255389737,8.063487667167704,0.21022418064395576,21.708481206968763,31.695836831693203,2.7218346246144183,11.680408453567638
AKT2,16.756763830822244,12.249979294973276,16.834991328833706,27.79027595168336,2.921968464114525,0.44411050524088197,11.09540464826481,3.3672904878958656,0.0015348278046093625,4.871737801900965e-07,21.352871652727394,15.92359169264093,10.183122031603183,26.410722425856328,2.292629588204066,11.829971089940491,0.001116235103169902,0.896208991795889,0.012466274237478718,22.76005374024908,23.378840460997043,15.82934286803783,28.018290387030568,24.28429070025425,5.762381022007698,0.0005087588744097129,19.04413663286061,17.887956011595627,2.502193128850809,21.432957668256694
AKT3,19.87694805704905,20.06598854181046,16.575331738459575,23.607750002085545,2.4898741330000567,1.6052231904956105,16.32990939465481,2.6546159088544403,1.7277998495803235,0.04292289039149384,22.389284944846754,21.006813335076245,11.69897396112687,25.907648253115667,5.444535750879065,11.949011701366063,0.5329582956736972,2.536768954169549,0.34982959513959316,21.251243051873942,27.80673239612889,19.0024027035958,27.510347923600545,25.059768057596273,4.036182178291715,0.617989479319109,16.255053155717082,21.08826295262681,7.28130862585342,22.411997548503585
ATM,15.126649618007585,-0.0,-0.0,2.2106601714397995,29.15733099224791,0.18447427699988042,3.359673367081643e-09,-0.0,15.377697064140499,6.245824968457563e-07,1.0620964393065746,15.069443776133348,7.35548922690955e-05,13.32340666186175,5.1359518414281675,-0.0,-0.0,-0.0,17.441050616286372,4.268003096239449,12.568270006526284,-0.0,1.9286549331065747e-16,2.272970241218181e-06,4.7525433357315015,-0.0,1.1203581438937966,25.178470896419594,0.09683532379225922,3.784520426440349
ATR,0.022082297675159717,-0.0,5.7726924119360005e-06,0.24560944181653685,18.234370802319617,0.9020494384850072,2.7001169063492124e-15,0.0007852113279360063,12.653978199008924,24.025832516061197,8.205463829206002,12.415695458489035,5.041455778796519e-12,12.152885498017092,1.9533299705096805,2.0401167233760537e-11,4.1239549170930925,0.7045575416973503,10.788614653816845,2.2754402239376263,0.00041625166551276645,0.0031377556442687177,9.498625545549982e-15,3.4777075276925644,2.9912411047807206,5.510803862859485e-08,3.5030184361376024,0.8424409501769813,8.58666658931872,14.084221384602468
CAMK1,0.0003602389733103488,0.0934028983777552,0.895376584217424,0.5452739523157663,0.7994405041233308,0.12416026869735626,0.646935091478226,1.3403667098183527,1.5468116178057085,0.7737524609504856,0.2651482833382054,0.008116602801023179,0.13225950042002016,0.5673507138995382,1.9009981098101967,0.5838116849507283,2.045264639920238,0.9817657198735967,0.26133364916650587,0.2373875852471393,0.0005886968232743273,0.2743482736279796,0.015504272869040502,0.20590154489735016,1.5225984393792582,1.0168930909186693,2.4460183047828163,0.026735965753047267,1.0407891573880954,1.6634113632370942
CAMK1D,0.0007711096435141172,0.004663445506179785,0.30508545962064104,0.154962257111791,0.1662966621013793,2.2086271257745755,0.023020106228789496,2.9781644285456395,0.017939815182538527,1.7014189150405168,0.11809640498481028,0.0006183863745112733,0.001258434787805148,0.010849177464517084,4.027092585248119,0.027367107031578047,0.6877706420343688,3.3399615291436744,2.8661030606294933,0.003243211886252299,0.035431643147923526,0.048666922887189275,5.58908351869333e-06,0.012214302270689934,1.106858445010104,3.144990059772785,0.020055970199661634,0.00047954318580002687,1.8996840784962268,0.23408607072336976
CAMK1G,0.4747719581685728,0.10894989685610133,0.34187561457788174,0.27103733795192647,0.18212095007723794,1.370445297790926,0.5401951419278691,0.3404762999727756,0.5243095075474352,0.2564686739885012,0.37315515737138816,0.3842659192204183,0.20683352955712414,0.720516709031629,0.4190229472725362,0.03296988181088106,1.2881775871575425,1.354371048610134,0.09568559204932985,0.4929498336027835,0.5085421554645625,0.2761892392558927,3.114181752395611,0.58798831356336,0.023247730143674827,0.9950430352388006,0.3863863996363807,0.24651889998246437,0.003249356731357152,0.7690817844973494
CAMK2A,24.431428445015683,4.35518924336772,2.060617485424253,23.453292644926417,14.105699354712826,1.703573918218735,12.93883394019454,0.03861305083247972,2.10184790636828,1.1127224116331784,3.340870473975407,15.221786105726952,13.540552546094755,25.080274943556706,10.48270227565289,15.913026945353293,0.2515783109921832,1.0637940360433775,14.849903773132821,19.50987440615674,19.977099152272647,22.580187919217835,17.53314557431263,21.511139644796927,3.845072054478218,3.960950888340392,17.824765773277242,20.57906517340738,10.665575963323127,6.086284991552978
CAMK2B,18.21018671963434,1.5758558282238688,0.6519090720771259,15.918661030534105,3.8404833778490937,2.9366255633627882e-05,15.807229780442945,0.30335007682193743,0.9461825402907649,1.1763515862005833,8.442692623382396,14.246223206125517,6.470372666957201,15.201152448324564,2.157446287676611,15.380464053095764,0.0053680296522473124,0.019634255533805583,4.0284384715257975,11.005876792523697,17.861394459442735,18.67598498671852,13.14853277814261,10.744177307819658,8.131223577759371,1.113595709180333,11.99176534967275,14.96116748908779,1.3136758035064007,1.1850768052551313
CAMK2D,26.310074144796015,0.29855427589491274,1.0280421078604105,11.78601932234967,3.4487969103222573,0.13713434824476287,11.23422772126694,0.5259332953106531,0.0678855531565838,7.592126473850453,15.117735885902563,19.388696265778215,13.233420303190535,15.460125877067663,4.695205763603348,12.908210380747567,0.4596983912325217,3.6350921875205335,3.19233676991543,15.928170927807406,23.334141915550546,18.291874907650783,12.905055467381535,17.38606241096167,9.81894731569587,3.227738133756858,13.708367157247817,24.1122634513666,5.3256483835933555,0.5510440224537647
CAMK2G,13.562886707973709,5.624551009698017,1.8184023086478962,15.806528058525277,5.235966721009296,0.0006650707982491049,7.124267050878947,0.2348799914000604,0.05055975281742335,0.47064132146491106,0.3066223771395328,10.472246498772801,8.001928416703379,12.76005521131471,4.436072714509229,9.999464723988968,0.2845479137436459,0.11097122476401189,7.070345339244983,11.270618150130439,10.135583521564698,12.986898161330357,9.208279139293628,13.871368638549226,0.4054969416547751,2.648504534523475,11.506000463606433,14.135135540590374,5.8926936003745025,1.4044925085405862
CAMK4,0.42042172566301855,9.59043136934733e-07,6.584643808030065e-09,0.0005333649389985645,0.015999807113788986,-0.0,-0.0,0.008013502513263274,12.2174672530177,0.010944877277583464,0.0029771255677863264,5.732094255051553,6.815270085096334,0.08453783793925564,1.234195128630127,15.104027792591088,1.060760213208617e-15,1.3405132182628538e-08,3.5523814351662404,0.12539680835381883,3.396684387034803e-11,19.090563481388102,2.1641561122169817e-08,2.8892126570664662,1.6612866827535813,0.01502833531795769,13.803301206947687,0.03726350599018204,4.226731675188151e-05,0.04420879292301684
CDC42BPA,4.13367749779533,3.6861280973727446,0.1254327864023914,1.6095867319027604,2.291163746680063,0.27896683842741893,2.953521448801961,0.0035959067664907947,0.16827644758177523,1.0662662557779365,0.24923191885494522,4.376125546066129,8.78357378623783,8.264867422360261,0.2336049762186451,1.9865458883063762,0.03448749907569964,0.01781353014710844,0.7708469521559682,7.748835961332679,4.350271140144866,6.713543511985397,4.254463152897608,5.736795264368619,1.9777907204015677,0.35616183109454774,1.5811534393160627,5.024057656884571,2.572270632432227,1.1627667974835891
CDC42BPB,5.16428169022891,0.58671740991906,0.7324839549309845,1.1431354524019097,2.4112818711212958,1.6224205436845045,1.995774475368719,0.28558871042847017,0.43185471363101874,1.5043263072289366,1.0501069600290984,2.8316368199748987,3.3326950007975467,1.6100830341420806,1.8697171926169547,6.945916605360061,0.10420570310954048,0.5413489576138009,1.2383433712021266,7.892439563470037,3.529213751856044,8.562030618770125,2.495644304446612,4.315406184383158,3.390924366520713,1.7872986699089217,2.9463205595982047,3.8766197220275247,3.8675679201541446,0.8835674614395908
CDC42BPG,4.735780223748518,0.522149602004405,0.8283672377988907,3.057833487170176,2.050183988638588,1.5610009960814035,3.3971914840851265,0.7318124079468963,0.014258260578377977,0.8404402910256749,3.0483309738605384,2.4135467654598792,2.394208992664745,2.945332982309031,0.763738999750148,6.1421618996733764,1.1016445028761406,0.6619309742779629,2.4431020901982183,4.59017890786714,1.7944890338589765,5.764840530305575,2.8290166243793933,4.546519858896276,3.284929654385649,0.5153162305516871,3.3715529479081776,2.813187074142049,1.474291700520107,1.6162447759843481
CDK1,2.7080677863953675e-11,2.17008733483445,7.294110061976599,0.44556489753816725,27.20583300667634,15.921478453551416,18.73344208736442,18.100435375860226,0.2958757063931662,6.6427163941894705,8.733995030315894,0.0017658864445155623,1.0729279175962279,0.21103855396563162,27.81849010853251,3.27128968319423,18.464952536768816,18.16300036054327,8.18662209469909,0.2525331599062781,0.6122051878799889,5.499522747611683,0.0048066648714856445,22.548945578971196,6.513666644107143,7.034900923562522,1.5995809190896735,4.135309004508784e-09,0.0048715452580217295,16.691719401156508
CDK2,-0.0,10.228825512625791,10.18701930320404,0.14440447328426048,3.1165119110807287,7.960622690414764,15.042421865585652,24.774024189259812,1.4894057068032445,11.761672377324246,21.19561785767138,1.3610035699221143e-12,1.355713653245596,3.4016282635788757,15.752543142017508,0.6809886722495516,26.874407737372632,24.70229953091175,3.4582127312675697,1.4602810826040976e-12,0.00027643784030521515,0.025116226731578047,7.274369277292304e-06,12.122341069038466,5.551598562119521,22.479364146574348,7.125876629833817,1.6538216051392022e-13,0.01305379322659869,13.217761528652453
CDK3,8.745967957913844e-13,13.84124022393937,11.271793082178986,6.01934724766784,12.169702241874479,15.493092472692,13.116376282465234,24.160787306610334,6.549205381689855,10.44034819524889,14.895785635000623,0.03249712044674852,4.203470226163475,0.6856612673653967,26.82222016418275,9.074245387849185,22.908307395182575,25.16462216949372,6.166801675186567,0.1432098609966146,0.5325608887374098,0.17328953062348532,1.9150476783763604,24.08649202205108,12.959376252639498,18.947988344695183,10.65416850831804,0.0027110741917286203,1.4883636578629234,26.65584719204255
CDK4,-0.0,8.949053248959064,25.743776915982572,33.20936535465538,30.333006475827258,19.491868391187392,24.616989786601113,21.941696067299528,10.519482734110719,24.359778766799337,8.015640819333642,-0.0,0.0910205928575367,5.854177175679177,12.272703358883438,0.09945301984344268,32.532892472542244,33.71102398562902,5.82836978535667,3.375146132936506e-16,-0.0,0.00024066762153863666,1.287440813652258e-10,24.34265165999416,30.552743128909338,30.98571177858743,24.40460203928889,-0.0,1.2988051090261528e-08,14.177195700783294
CDK5,9.498625545549982e-15,3.151436188225673,14.256193604905178,0.8400405195397364,4.551919619501984,15.126649636962876,23.44166486408567,29.30642596884803,4.4010044563550235,8.09226908143615,18.195080155752432,2.0789217309899994,5.125758653685926,0.015439865007643442,19.425399177387252,16.042521090281987,25.8310780222659,26.026585815899875,7.0550124130065965,3.228629712404401,3.953287980639717,2.663398502628824,0.989349720644912,18.78715151884877,12.664283811983612,8.533378688192535,12.261645630014929,0.3449828100744085,0.8438431975365893,20.607251810696308
CDK6,-0.0,20.546474244072012,13.359041234916608,5.215568588032834,18.935650310980556,16.46295276575077,15.280327665063504,22.67447251237488,13.175308328994893,15.070470439574729,15.49969020973922,0.0006045323523022702,5.32584468492826,1.058937206762412,20.843998995866535,1.905272396001549,26.306874943721635,27.322675874817666,3.2808792857863183,0.051314949135673096,0.007447325140505828,1.6269117451254418,0.015433098385923001,27.051216521069097,16.714108709078715,18.451638027961067,12.294527033446398,1.9232812902553332e-07,0.42271740353135007,15.119449859014825
CDK7,5.303801066043082e-16,-0.0,2.208716524675186e-08,9.162970736506287e-08,0.3697210471471145,7.707869440167264e-13,1.1118695689360824e-13,-0.0,4.363407621194545e-08,0.052944778627929616,15.29032592895966,-0.0,-0.0,0.0004036724260816745,3.895005347914306e-09,0.0413159598479974,2.0684341486465394,5.969314446646858e-09,-0.0,-0.0,-0.0,3.657525323483985e-11,-0.0,-0.0,1.8161961375524116e-07,1.2127642348208085e-06,1.1502504059035386,-0.0,1.2138110966011137e-08,1.7600679385981621
CHUK,1.6439452569972768,16.562386050293828,0.0839387845530474,0.029921192141486645,2.1154641807035333,0.046957139502728035,5.9330132778705345,4.491287185931961,1.346243154502979,1.7425368439891236,7.801374481384328,4.7194171328980055,10.245294166477734,3.61225608394684,0.5757256656902748,7.085696250380188,2.001639733169341,3.3295187069084005,4.462742199275062,13.123695402633667,5.884191605420545,4.60701831799812,6.144283918822247,15.540002913416648,4.980246492242454,5.782278365502063,5.7151472047033325,8.284553392689116,2.118963790739972,0.7535596627349572
CLK1,0.3357552955886125,1.6911791922876664,7.608553711593483,11.031997838578526,14.64924123886766,3.762944014774586,3.4183335771307912,8.57574081379265,3.481737935799493,5.595872280334086,7.485932831833645,0.42784904224618225,1.5128241060876988,8.40947877914359,1.3327328593506056,0.02516193724137296,17.49242988224613,6.250678073749686,7.296078331091174e-06,0.19692174638917398,0.34490860535569035,1.016292587967651,1.294001398005021,10.685269013067517,0.9084734339878144,1.683421525330084,5.837034134347872,0.11258858337583316,0.9211248347745652,26.685764198179612
CLK2,1.4998502784619128,0.4516814166293437,0.47670781348176483,3.6723730129805374,0.9076339007893414,0.9931923302354386,8.113459720309498,2.2280450078539555,2.994088166596625,3.45960317468054,9.790303049768589,2.624668031971546,1.3073603927571718,4.212951494348896,7.629770662490129,2.5251272303528514,2.045950646176487,3.2197201983338344,0.3202025134020314,2.110453950635355,3.2584286055906495,1.4771185308727992,4.726767463792345,6.065191998122857,1.0985706601541956,3.2305619406735193,1.4940528823778803,2.5242230526213905,4.438558125329268,14.815625829920885
CLK3,4.8439267678931195,1.6139573327738723,2.578019049880127,8.472695478081901,5.0430889657551115,1.1638271786700427,8.79386793903822,2.6117423094040015,3.462539580845936,1.83852657160655,10.776850806005683,1.6530057610207192,2.576058533345531,6.897699068089042,4.315580999107961,1.8175488538519267,2.016460359809874,2.215208548051364,0.40017826468171586,2.4469062459761566,3.154515384202993,5.775710165935317,8.127027448797472,6.530326085219318,3.937654725316423,0.7466156494434422,2.107660558059685,1.9216543508536552,0.9928964161725619,13.496911206263302
CLK4,1.2638401453070622,8.104092746971608,8.2539139503136,6.9770256541155495,3.3376897819066076,5.266743335705349,4.181450670385499,2.9128485373982667,0.4912528559955135,5.896428308208039,8.119378691072319,0.5080605570858655,4.540584215217787,6.9984139782759645,3.9622844123378878,3.423861054535452,6.769558490210477,5.375043070461161,0.012412715739969084,5.162351777115501,2.6930619611898288,2.7938478058650196,3.465477392631439,9.862407636094412,0.8419738606697925,2.7751300794978486,6.155324773384807,0.44640371843641785,1.6159463043128353,21.205428607977677
CSNK2A1,-0.0,1.0109647878931274e-06,-0.0,-0.0,1.822578911785751e-14,5.355683604339635e-09,-0.0,5.1072476628119964e-08,1.0403683601459453e-07,17.132598728394093,-0.0,-0.0,-0.0,-0.0,-0.0,-0.0,15.447296172700945,0.0004699473957422624,1.3021990196494622,-0.0,-0.0,-0.0,-0.0,-0.0,-0.0,4.7347899940380676e-08,-0.0,-0.0,1.5140065102203335e-06,-0.0
CSNK2A2,-0.0,4.495818592639371e-06,0.008589693544035076,-0.0,1.2173814587059304e-11,8.008161020628431e-10,-0.0,0.09637712898631787,0.006702672590494688,12.412604517669301,-0.0,-0.0,2.4108186663832183e-16,2.7001169063492124e-15,-0.0,-0.0,7.941109683893626,1.3306071937317092,4.29375993069678,-0.0,-0.0,6.359739641919394e-14,-0.0,-0.0,-0.0,2.0260000518396994e-05,-0.0,9.643274665532872e-17,0.0002772858135473716,-0.0
DMPK,2.6871677679435377,4.560746844010906,0.4453443305484211,6.254534488607165,2.891724873885079,2.794258483109573,10.753630018755496,0.00035274522221662256,0.07109775432804932,0.5918650073260567,1.6256135271469385,5.633858463631592,7.115532820815827,4.117309966785483,5.600915544781117,7.762073106297134,0.020640025098044416,0.001511601884223867,4.134189565012293,4.388643459111697,3.4241682820323427,5.408441529422739,4.108119088419919,5.126719791022693,0.12466095127786737,4.305448399214044,3.663910389321951,8.829948181931284,9.534506516624809,2.6288966027478198
HIPK1,-0.0,0.037509203554937046,0.3102638280386835,4.050062535098685e-10,2.049735890290711e-10,2.3774556569587117,1.1797217546147296,3.605927036275381,6.7530179398535175,0.9444606998591488,1.9611290691191705,9.643274665532872e-17,1.3262308860060362e-10,8.824621690259335e-06,3.012631581807362,0.21336260687117747,1.7543171568125835,8.164834341505845,0.040665826888054285,4.715985615786911e-11,9.643274665532872e-17,1.6367101477091116e-09,7.59496510980148e-07,0.005354382569157589,3.613839316918802,5.457856271757203,0.071226314154729,1.0231514420131582e-13,0.003292660034810318,4.901317582616264
HIPK2,-0.0,-0.0,6.893180925500659,-0.0,-0.0,0.3266628959817943,0.0004163888659349646,3.665825498817586,2.917055718541589,0.27223233628786325,0.11171170462173256,-0.0,-0.0,-0.0,8.875159486448565,7.931472283222097e-07,-0.0,11.899083111049936,5.39775751673461,0.1695309214440065,1.5821051715862805e-07,7.443441133036257e-06,-0.0,-0.0,10.480723733857682,22.112231404106442,4.6610190162039434e-07,-0.0,2.907524411413398,20.731106582645126
ICK,0.3752338579614846,1.6265122277310167,3.24187111876595,2.0169139054096945,0.7034263569131588,2.898010850459065,3.84638366499747,1.9187898194993724,2.7710408955902865,0.5437117882989656,2.928432361719245,0.9047691645711615,1.6943495835464197,5.099270036809277,9.836428500478075,5.456861588877365,1.5573004143274405,1.4562769246847593,2.600166723406322,0.719671040115757,0.49663993624825653,1.5284618942022439,1.9104309619367192,3.6642295337768007,4.234889929257134,4.654094723836831,6.874222159240226,0.4261766956923447,1.568124735969602,5.7478406915515885
IKBKB,-0.0,33.72348503298102,9.489382959313903e-10,-0.0,20.700813397926233,2.7132896196270794e-11,27.337590689906797,0.10224742190218165,-0.0,2.4221495141219734e-12,32.23182479856346,2.5955709970099523,27.102240850005565,27.171899282945155,3.2048127026837754e-07,33.5922433209,1.9286549331065747e-16,0.37704438017983916,5.45845312891362,26.294993992449538,13.257726640193411,18.885184909686675,20.883322795296557,26.846229208270543,28.077806909080994,8.864814593951824,27.366033740545586,9.483243518263935,20.559346456413515,-0.0
MAK,6.770676884952311,4.0609838841070225,4.60049579899956,5.622730966264528,3.297699229539866,0.17034095530387974,6.165313270316354,2.847525417372605,0.39669958964173857,0.34413011540833566,9.853105655020888,6.457284168667286,8.034025376140216,5.060632686959932,6.843361837309952,6.693519762496499,2.7645053640378787,1.8882090927474344,1.9018744257258244,9.222532318901644,7.038555260244445,11.162217999469096,6.644044803005971,5.984564833087332,4.714459216271753,1.4785331642162394,11.08375597566232,10.767960699210025,0.9599553782552213,9.324492789302374
MAP2K4,0.9223253531106378,0.044224858482119954,-0.0,1.1568699101780575e-11,1.1089765865362815e-15,1.9286549331065747e-16,2.6190325898781934e-06,-0.0,1.1266015914095291e-05,3.375146132936506e-16,-0.0,0.05338188721400608,5.582160975430827e-09,0.00027103032904023414,-0.0,3.971244189235522e-05,-0.0,-0.0,0.0005387277973910914,0.0057293381643226185,0.4517259428489249,5.724121036170735e-10,0.2208516985117916,-0.0,1.2428426345285291e-06,0.0001580431932143104,2.6581349101741532e-11,1.694656581725095,0.0005319889352820345,-0.0
MAP2K6,2.3554303686376694,0.00012930141395307073,-0.0,1.9286549331065747e-16,1.9127435299088662e-13,5.136297385133146e-12,2.9764399009189616e-06,-0.0,3.5007088029486466e-10,1.4947075731575976e-15,-0.0,0.021670286191866606,6.460458685249708e-05,4.4856174272775915e-11,4.6134631433746606e-10,1.2313198920467252e-05,-0.0,-0.0,0.07134334343342666,0.155235886099741,0.30641714588685737,1.830149847111242e-10,0.0005745304621246733,-0.0,1.138858500722104e-05,7.209609560173772e-06,5.5448829326814366e-15,1.4215671886472319,0.0004212170074233392,-0.0
MAPK1,1.5429239464852621e-15,9.556828992951251,17.277827616753623,3.0968821819122345,0.46340246348535963,10.342717546243335,17.76467504961498,21.03896636910116,4.689346690142657,8.098918760664466,4.976463231564258,0.3184081046201343,7.065766481919672,10.204009539200115,13.70608773293975,4.316280287667706,17.981271019142127,22.716818616836473,18.84555517222426,4.596693351377165,0.06398745878277305,0.8241479647676601,0.9752417716614276,23.41368436296495,18.447074207312998,28.014985868041958,20.29110608006944,0.005296044832124178,0.060020558606126165,11.593776555957582
MAPK10,6.736590189148306e-09,13.926802882302136,11.004716624715405,5.738430894896347,0.43915438848275606,20.916595583183767,22.379614662827386,29.15829463180652,10.661867819441943,7.367192558527055,8.121105498931955,0.13840744201583557,1.6035391697458468,0.8759545283346378,22.762174231848903,6.56239447862336,20.83184478028984,28.55675624908558,25.990693348241393,10.277993983739913,0.3797316595358807,1.8859190020038321,0.9670703055695452,31.060334637084743,13.167017604805595,28.510055080142337,19.03833739882111,0.28820229429065175,1.1028281588938103,19.226310668049233
MAPK11,2.0225432331178123e-08,12.487518875164183,12.652417140399042,1.014342471219456,0.15069396350276051,24.183974116395152,14.006054744745986,24.56667120549516,12.29329698485562,9.411562308075196,7.980405789315182,0.8981531635901328,8.31925166643536,0.9723184756709113,26.540483970784596,17.96963972668015,23.52657294481315,31.128570691597744,18.78446416215466,10.497972006111688,5.91096438991247,4.398530720371883,7.6042664983479185,31.766800306406836,22.790598290924688,27.90086564453187,13.815069541268082,2.9731981587113716,2.7634169700936098,25.605674017108136
MAPK12,0.0001629900683518657,9.587803642288282,10.747900597175724,3.6540246014477042,0.174731719775656,25.052191631322607,13.614425962094291,24.547264230368267,4.783021285835442,7.764962829822487,12.401480524139341,2.558582586637937,8.322500792997968,2.392455465928458,19.733709398834574,18.490835017160727,20.659651474484335,28.558663247670406,25.24598358184013,22.932993789168826,6.6781901467922165,4.721254121676819,8.863263417995187,30.68814239605711,21.149049136333577,29.193000961633228,20.82860425893321,4.0393830732599065,0.9769983734929428,19.256242112039747
MAPK13,0.09170052524971377,13.089981630602686,8.408473387525959,4.545440333641172,2.7736303147105263,25.81161432617468,15.391880568404392,24.233010454321544,5.108474922101834,10.316353793824014,13.08013055978592,4.261577326117456,9.265627072648607,2.783318783003515,20.72868226607614,10.173104113456235,21.974998829620322,29.152512344426743,23.660073324466843,21.033266534638884,9.742117699435894,3.0385580523990607,13.149807142348402,31.947343127301682,15.472614155616956,27.066982381806817,19.640480118986815,3.95162322789542,0.27727242821300074,15.868343285694348
MAPK14,7.144515898818867,6.0565553718568195,7.251583417646855e-07,2.347371721287026,2.3232434429121746e-07,26.129406463737112,5.2899884749756385,4.768969612463989,2.2595371268032154,2.5916300663627325e-13,0.16725105586146635,18.414763890639513,28.44055275687773,1.9948730230869272,28.905390505646277,15.945084708670025,1.829732903492997,28.26291093277938,31.56369011521631,31.63299409430861,21.68572702038403,11.793238356928454,1.08101811903506,26.793608471497027,31.62344762104028,31.732566614782023,20.88535084972811,28.274293213829946,7.050667545056527,13.724980216558949
MAPK3,1.9286549331065747e-16,9.78049239232983,16.36454652345338,1.8213912618472334,1.6725354277975952,17.779594542978206,16.227650830407125,17.782952361068833,4.93363407308312,6.826049936322656,8.40118626710313,0.8286313945321847,4.869865443182872,1.7263509203550487,14.821053216619616,8.083899581794938,19.067729570176287,20.130402261236934,19.769172962319654,6.223078261248687,0.006656399632984722,2.379078005916901,1.2547649449761258,23.862142377300884,16.641941427593046,24.823230912770384,15.51983973534683,0.06284433247385404,1.9040662571588733,14.169573631882855
MAPK7,3.1146185812337372,-0.0,2.140920587289665e-05,1.512441565522064,-0.0,0.0002229266707304807,9.074553572260973e-09,0.5124542232467915,5.07037243385151,0.26812822795026625,6.480280575238572e-14,1.0786484877265745e-11,4.980498438495246e-07,25.121314606391522,4.240947073641645,1.39108590618571,1.8322221864512493e-15,16.54297739449333,18.31422092985207,7.878112562671225,0.0005053064986417635,27.118486287679602,4.234453199873552e-09,6.864573461387958e-06,24.742576154679803,23.574052601476566,20.508686186115693,0.07895850411740332,5.303801066043082e-16,9.79357440981089
MAPK8,0.213840223771931,10.473376585644925,0.6694546041024987,3.8688838124319926,1.18887426258991e-06,20.51230263719792,13.13547416615584,12.141579336348798,0.9566992854209321,0.6570785289900491,0.6458643936319906,0.1042839932232718,13.522117188855422,0.29274976026894595,12.092142019884912,4.304924652021063,4.1905603527846464,23.422722277367168,20.422792667265988,18.536174737196532,4.665403187956733,0.8857009948472184,2.37870355883732,23.131407628717948,14.266167654014597,25.097667956475327,15.145171617675834,4.937211081615344,0.49868202523306787,6.606461898944938
MAPK9,-0.0,2.2457102222426055e-05,1.9248603045683433e-11,12.504888250678038,0.00016403135151136686,1.260207953955829e-05,25.57863992671257,14.159303842052678,6.055292035753791,0.00010327930706171592,0.0001770804318731528,0.9168955264967165,6.292954623339368,9.552792750339652,25.75236454639391,7.871318186275913,0.22594724934216384,16.40101034764041,23.763598665080252,10.996887121365235,3.7678048480208384,2.2202420268431795,-0.0,15.518102142382592,2.15296728551599,30.993169912796418,28.81287905042164,15.577236490661402,0.00012383155207141219,0.3172857489836183
MOK,2.752817918910046,2.031800501904273,1.8869002689651018,3.738531089897927,1.8446538875504865,0.15506745716737436,8.29927194726263,2.8989893689391235,0.2984199494126018,0.08518043741585803,1.4747626125320246,1.9114197051628725,2.189188977121187,4.331680498910857,5.1102018552994934,1.2458145851546962,1.8544610088561655,2.7200817587839867,0.2791270605364483,1.5176107340173304,4.2295290396473115,3.1486517171706683,4.402418371962727,5.124797597571274,3.9895094625367906,5.926976590018591,7.199897582037753,1.472503055181428,0.1641583177722024,1.6074040794245463
NEK1,0.026101108138468967,0.38298945734836337,1.2779594984139175,0.04304068236162681,1.2568162234735782,5.194633191860843,0.009492694126925091,0.11342055956230311,0.006435567604619529,0.06746967812322376,0.8740406851348088,0.014296273936569966,0.04371306787532445,0.2934792983597865,0.0014344735432510643,0.3839864471092905,0.3183027676173248,1.010673566180629,0.15414349253093945,0.035836813406388966,0.006269452965496977,0.5797069654984006,0.02205037564870786,0.1458074556767086,0.8704933846257655,0.011107684160279959,0.04472521233587365,0.002741147837492018,3.7169410759402597,0.5388927758385902
NEK3,1.334505817397615,0.7783776521566346,0.3721382857631567,1.0150172484819628,0.5057050833072022,0.19744793486210405,0.7827655229499714,0.11939160112256104,0.014031968839656803,0.06000009564451682,0.07698918323091672,0.18656043188696722,0.14338858632291138,0.01847605992228777,0.05357811080664528,0.7377478016293588,0.551450437638371,0.0007579508134441304,0.06775045676788011,0.2080287896637032,0.26626302866647195,0.3017230325557202,0.8141164043309406,0.2217769725373251,0.17878350915121233,0.0022906547248827016,0.469452495038284,0.6684751589350193,0.3950696637212876,0.013685996029165221
NEK4,0.009544288708957191,0.037298525829948345,1.8163757415559176,0.025309693279440087,0.27393682290364574,1.07385948946923,0.01132449884265173,0.6007961434211714,0.5911202444099342,1.5060426505026354,0.21733923126933072,0.02943813488048321,0.001139735085576677,0.0881185908534987,0.12187290942159637,0.02957135127804374,5.49872367645206,0.9925266003325675,0.0872947742315141,0.4418251886466285,0.005725001165694114,0.027866399673120674,0.27349420465758517,0.21402616974341027,0.05742570582034884,0.822109147837322,0.6950681721577082,0.018327079194395256,0.11200893456797552,0.17349502633581385
NLK,2.603684159693883e-15,3.7522625253285398,6.305861454785571,0.017082392348486745,0.0017180172283792852,15.412302942914133,4.306146770456807,18.81365204392453,2.8123625750788874,7.949643461076916,3.066198035721462,2.9521075591392467e-07,1.5924707657026016,0.16680665660937666,11.521744436067223,4.289054638426589,10.823084489223145,16.533636769803625,4.434652824446738,0.08559743591067275,3.253661843264584e-07,0.26734995312234133,0.001557918498624351,9.356660933716066,17.42517223724944,18.47294364029122,0.869471810175562,1.9504153272433994e-06,1.0853117579731408,7.5745300708257846
PAK1,30.37383739628687,0.1497481892605835,1.1108184951930231,10.27379861879415,9.030061467591091,0.013189467637156626,3.6473362771903917,6.642382382440085e-06,0.0013222695419495558,3.031392321040051e-11,7.083403929396287,20.93039960943386,18.048885089650895,23.459753804087622,4.647171218254084,14.802400878205338,6.794591918250348e-08,0.002880180115078669,0.8455813519612728,29.017278545951847,27.701028303165195,22.466303726511146,19.88683272962671,9.988716625283992,1.5165568991476743,0.20756049199766394,17.606186906742025,26.431333945356158,5.135182160659353,2.6294254489555526
PAK2,32.529833905540926,5.929474123491555,0.00014730021267578915,12.420023431978636,3.5014626500750357,0.032515924462704994,8.769686902501155,2.618095659362086e-08,1.575711080348357e-13,4.339473599489794e-16,21.18172338267596,26.65124610060069,21.495903169216046,23.620717125273867,2.5970148664452632,18.884030054548347,-0.0,1.6692574052384975e-09,0.16971068613377396,32.28511875073188,32.400489864553926,30.69754282534801,25.83288899272981,1.624415721923047,0.4981115818919336,6.323183553619681e-05,19.08707939792185,30.356124141532536,2.491924866891487,0.0012498132772904367
PAK3,22.83390592111586,0.30270531350206736,0.12837264558523118,10.716417558694797,4.359583012964639,1.4720503461331337e-05,7.693372503457178,0.003914223923580707,4.2820402609822345e-07,1.5108276112310536e-09,1.4736325726572228,15.957070988266521,10.323922707734827,21.198479119782146,0.6947139259042544,9.774227207018173,5.572622780159511e-10,0.012395843218376376,0.0014656653513207955,20.309091793286335,20.787715352685712,15.825129622135446,15.372509696203048,7.926491777204338,0.09172893961011883,0.42212142065630837,10.621977417371811,24.353629843791964,2.564704435396411,1.7990446848751884
PAK4,26.635605526357054,1.4241483402841588,0.00326873627762932,15.852174867087415,7.690017962566627,0.01790146821205995,9.76197541950122,0.5456775693379687,3.5962787792986665e-09,5.4002338126984414e-15,8.081930955014121,17.967013839723798,5.783921054616996,21.073182466554407,4.826056830701287,17.27231488956427,-0.0,6.722376491591835e-06,0.03604761501351867,26.32378724770109,22.58610117558082,20.006838405220492,21.39597559937226,3.897566301331525,0.23219405404476512,0.03510351137053196,15.18053343765038,20.03620363223493,1.417976711253864,0.058953631562476655
PAK5,27.366966517350107,0.5820727657302633,2.1594518100665816,13.80951160778431,7.744025474413046,0.0047462216636017735,4.008947640631756,0.0021425158193700894,2.366809345068541e-06,2.295663502025431e-11,5.597082434529472,21.321700673039423,15.686770341559049,19.561199844263232,2.52473970348519,14.721490828885216,2.111199475756077e-09,0.05773274055199286,0.15805570240471203,26.700498898072496,20.196517576382107,23.393893116056727,14.197752807028976,9.629366259391864,0.2834773626127597,0.1932172348045669,21.424736584186054,24.031502361866796,5.415174423887776,2.48116934688894
PAK6,26.36586372764805,0.576091615199896,0.2575879948503057,11.849264847769518,2.934059760060199,5.2648768254853344e-05,4.556061831697452,0.0002454288567657038,1.2937705074722989e-06,4.605314051368211e-08,5.115576574571522,21.147416106635273,11.215469911022154,19.147128710894783,0.6702618997180742,13.966892576684042,1.3880420420648317e-08,3.005809372398284e-05,0.06803214429262208,21.89345350141832,20.35349202998907,19.123872187284853,17.5479635000652,4.530880594009845,0.07310481240277693,0.006613680376437643,14.599383123495075,22.27170690996405,4.96644525927206,1.0620193161885174
PDK1,0.11778712969469977,0.0006363646458603412,-0.0,-0.0,-0.0,9.088882805106492e-12,0.0023152390549973896,-0.0,-0.0,-0.0,5.197581769529655e-07,0.0002008022241544039,1.3187178105118203e-13,2.060171821246742e-06,-0.0,0.0009821095792365796,-0.0,-0.0,7.714619732426304e-16,0.027547314355956823,7.005475329253085,5.56818050286464e-07,6.196823933000229,-0.0,3.2974354981454184e-06,9.643274665532872e-17,2.768525964424654e-05,1.9243007628241617,1.0360734300660875e-12,-0.0
PIM1,19.79717308899929,3.159357556196344,10.225198712621452,20.281517074055508,27.26398944471432,1.5784052030791953,6.483912535543672,0.2898442093916323,1.9913821428718803,0.0002342098900298399,16.15410455510089,22.35271744685835,16.25220503749271,28.397277064922896,11.606003846190882,20.441239961596413,0.07726283067409331,4.177329154642771,1.0764238838172562,18.690532066936044,16.148781895624392,25.30239013580937,17.13772215595452,22.371627786431528,3.0935448655361575,0.28571899615325186,28.862710796980515,17.56390002160976,4.409137890416334,23.95610650191959
PIM2,23.86170779144063,3.8949238975095257,17.038688536765804,21.783865015916053,13.271169139088839,0.5311715004606932,9.692974169523357,5.444138398225025,3.4988187025196904,8.351773568317489,21.41651709640941,21.810405795898415,16.280341588533876,26.01386151406086,12.284995871995047,14.33142149751712,6.839537701169855,12.134248580202247,1.476364390130964,22.982407801275905,20.954364958935116,28.17477827452139,25.7523645498235,23.57664384228848,3.2904847441435296,2.5656169130375948,22.83687959703881,13.930415030529696,9.168222185524154,20.00168194977898
PIM3,20.483380344218045,0.5425546647935945,7.01094481695739,17.44733020133185,14.153342523032236,0.20904602800438205,8.174486436560095,0.14220018688016003,0.05198762150975129,0.05626873115511074,14.467756864218552,19.735678702602105,9.837521626956283,22.476414708219092,9.121169239186045,12.807454906256623,0.49483991620090567,0.601979198650154,0.04210555654459453,17.078485264998413,14.2601827928678,23.580530952399585,16.787525110360328,11.469802828331582,1.2844483205199881,0.15786371350754363,19.391037951410187,14.837681129472564,4.9775980444361565,15.183625351656582
PNCK,0.43532051953443174,0.36119172928729315,0.19989154588840877,0.17666816996104906,0.35943342093586006,2.0263384385816643,1.1163771926111135,0.16195319313830023,0.8681788991774018,0.7600444075180355,0.009600642406199296,0.23590354661779017,0.025314801001557356,0.1855751894032622,1.2157586542111092,0.08965831402482285,0.17713151496602958,1.3262736715336867,0.5936229385952199,0.0006037603514784742,0.035143558010090746,0.3367396723902603,0.041858960271912,0.036451587764990356,0.20404660685584772,0.8983616253549461,0.12829944480501204,0.36284066100971474,0.5422530728161626,0.17611331731281732
PRKAA1,2.3226760103636406,2.363131962276298,2.0629147111573523,9.854199769271034,0.7498345587568946,0.48562425198925363,7.77170774054249,0.00024712000372146983,0.0028021861063430857,1.1744013835204668e-11,5.736181965949593,3.2990529373015165,2.808791339982888,10.08179392555473,0.016601883745513673,11.615850271292322,6.740944562807488e-10,2.9096797298407026e-11,0.14550597458432357,14.849903787233234,4.120887274907143,6.031736101883898,8.282808056069074,0.02665592180740824,10.49033567843874,6.144397815604825e-05,10.53959933357024,2.641075493395642,0.03669295624594257,1.533953057433867
PRKAA2,6.308444551567546,1.192019170222915,0.00555385309633087,14.580541132311087,0.05457728889505381,0.01417934025069429,17.090908839415306,8.911279820116795e-07,1.601941193070681e-08,6.880958637596431e-13,5.790083397419516,3.2602214522848767,2.3749609872973636,3.003351745492098,0.5650242243760347,1.7149915341347306,-0.0,1.4712261993495145e-12,0.16957584964003303,13.823899222199792,9.435869340228427,2.3758339498432317,10.733584050400186,0.014151019423360731,4.925355941839175,2.3666572718397108e-05,8.910121012302985,4.597598535456921,0.000641035055580492,5.698023839286124
PRKACA,33.06784438026349,14.692771253796337,13.415323404668266,28.349285463918775,29.491769504210826,3.589658403186405,14.274482164305079,0.627118967650208,0.02540176273677198,0.034238329987109004,24.96359079097078,28.272396002548586,22.113484792000815,30.160157473334117,18.44745451099668,27.805321653217057,1.3613940018574507e-05,1.0128439625349646,7.58998519229676,30.215590588212844,26.62594754531873,33.60001707159143,24.752761256589746,31.267271635856794,12.979619268319741,6.267183986157876,28.639771579482513,31.126078962184724,19.474653259095298,14.953327386227922
PRKACB,32.06462345613447,10.699551390613822,9.319978052954117,24.6108074895792,25.9276028668095,1.1493595555914764,10.428787222891316,0.026158782537091155,0.06796445629739484,0.0008379952074603057,17.06679680257307,27.833073175190865,25.617393359394544,30.94694432318954,25.34675507190076,29.24172181677605,0.016245460163292286,0.09295712228693997,8.199015353238417,30.590762175627752,32.19023608688717,32.59052307435508,24.58255557029906,32.37048319274873,1.0094026078637106,1.6571431473537992,28.35831034481246,30.445236340618795,14.5240916477761,13.629355819990696
PRKACG,32.30898885250829,5.148468097228292,9.0091861312034,24.452108372495644,20.205288272024884,0.6210046911653861,11.858917954778756,3.820525579454271,0.4077374573473885,0.0012957751553348338,11.448468591579669,28.835393682293827,23.139533676801797,30.97924882630152,24.360217997939042,31.150003758266347,0.022593629246180826,3.6771680228915655,6.14343506198759,31.04988184854328,27.23187921103692,32.17857593564736,28.097660200714735,30.81889119520204,9.532625178275865,5.7096402145797995,24.7372629541158,26.722608823203135,13.339773093124053,22.321218591036317
PRKCA,23.514063802696665,4.869853706094127e-15,-0.0,12.228197328560611,1.0448307439470048,-0.0,0.09136007645578537,-0.0,7.669296341505064e-13,-0.0,7.000661646503984e-06,9.469312563944344,3.5296825191724337,0.008953523241331956,0.04949622126261186,0.0017863975118201738,-0.0,-0.0,-0.0,8.057590574881244,25.41809187164857,0.16315130279478418,15.41992169461725,3.452886993892806e-05,3.5690701282916907e-07,3.953742612868495e-15,0.00010825333225106278,16.689192576973866,1.933163751882937e-08,3.1612976349441324e-07
PRKCB,26.361288483828087,9.519358586091206e-13,1.2150526078571588e-14,16.22658369663782,5.531136842030548,2.671235298734148e-12,0.016782542556679377,5.303801066043082e-16,2.6159431734002815e-10,-0.0,0.12160899492359366,12.915468177925666,8.323000719242,0.14665405073163024,0.026687915678277645,0.681396704065788,-0.0,-0.0,9.643274665532872e-17,9.7943923442121,25.427970525464758,1.2708018058063573,15.37804292476643,0.0012453363127687927,0.00029386063625039114,1.03327688041197e-13,0.17468580253646923,19.06966411491597,1.176880594366673e-05,0.003052762254349044
PRKCD,9.392887306961995,0.03967659348225146,0.0006494382745539197,0.4406416934748226,0.5707742204034217,3.925272218078838e-05,0.907563961991604,1.6295641333822802e-07,2.3785290569799986e-06,5.605982457357198e-06,1.5146419563765878,3.325286299055028,3.919735748228553,0.08681694459729322,0.08323741743176483,0.5518062117198533,5.604531408486684e-11,2.127307595688899e-08,0.00011213966575318551,6.971797714968285,21.192348155282968,0.03250338753937606,5.583980025541788,0.21022418067546955,0.260202912866598,0.01870937638592839,0.008310255886298992,15.244500035538643,0.0005023644166626887,0.012054224218270586
PRKCE,26.939137452226113,0.03753736630290909,-0.0,-0.0,8.003917972392357e-15,-0.0,3.1340642662981944e-15,-0.0,-0.0,-0.0,5.920613843878128e-11,11.402020842937109,11.434849385963808,-0.0,1.4237535216379493e-07,3.4957096136925063,-0.0,-0.0,-0.0,29.550449449284063,33.65964700379273,15.504552612938388,28.779842004787543,-0.0,2.256092324380603e-12,3.1099560796344625e-14,-0.0,26.529466791364662,5.212045307631809e-12,-0.0
PRKCG,19.09095060016107,3.565234234649745e-08,-0.0,0.008816089281299086,0.016083676821701677,3.375146132936506e-16,0.00012842062268230025,6.268128532596371e-16,2.1454697454303953e-09,-0.0,0.002896008221526071,3.4526541034988028,5.466016412905198,0.001740544960178872,0.15439508139458022,4.035340067768903,-0.0,-0.0,5.384967260099166e-07,2.205280953156056,20.664088468252746,0.11179420889891435,4.653547921722512,1.1475121743759666e-09,1.620264076179232e-08,6.544119053573222e-12,4.663485219936872e-10,12.018185450530295,0.35166848178964766,1.0169315298549596e-12
PRKCH,13.566125139080162,0.00021872258845781343,8.340747913985613e-11,0.12157383854515738,0.20494681028190495,3.2836169926899394e-10,0.00013897005004124405,3.953742612868495e-15,1.3787954116800785e-12,3.2242288844221123e-13,0.03955155755792332,3.4795673895675403,1.1961633102939215,0.001916209051492299,3.094753642746119e-05,3.8286979780339587,-0.0,1.9286549331065747e-16,9.893814527578506e-09,6.739176489080853,17.693524315734006,0.32413206156733065,4.722723996269009,0.0011004799289907213,0.003962116501510214,4.4047779004987586e-08,0.00024166283017444746,9.386755537253585,0.08968624403762238,6.381277896353211e-11
PRKCI,6.281995087244943,5.078519705241167e-11,4.457251734846006e-11,0.04564877281169641,0.003049438613259156,3.3230724497438987e-13,0.0007534527929719875,4.1658946555104004e-14,8.150884934548417e-06,-0.0,0.00313520118328986,4.6955720950684,0.19787463664368315,0.01965081542216159,3.2691657512949566e-08,0.39243070583706113,-0.0,-0.0,-0.0,1.258441596588943,4.687882557861588,0.0002111196422300772,2.3022932818279065,9.473422848244743e-11,0.0021859701755674445,2.7329233276212324e-10,0.156482193379595,2.546234309690335,2.650290389250324e-05,-0.0
PRKCQ,22.700722311876827,0.08700783543898148,4.409909569245731e-07,0.062000146996871626,0.10737211841066834,2.2874997117751097e-05,0.0009299356864066322,3.6644443729025065e-15,5.331740799541717e-09,4.686192718704522e-11,0.010497857853666257,8.298273633009877,7.713516267406946,0.008694991239101234,0.00028774817605326826,11.004716620996424,-0.0,1.4947075731575976e-15,3.413490554754709e-09,9.778857786637237,22.480206932045537,1.2401237877885123,3.8721746281938505,0.00044995432492509206,8.875181122347794e-05,0.0003928719330046087,0.018456399584225434,19.50321899118258,2.0896718182231035,9.209327305583989e-15
PRKCZ,9.02066436749135,0.11070883478319798,1.9600290818440336e-05,4.838338505802533,0.9525848017861119,0.004558204390522072,1.6578501443557658,2.648185366259074e-05,0.0032397051568989225,0.00015037465616366075,0.186584509256881,3.7254720413996836,5.438378549333302,0.27248438360200883,0.2268322539218853,0.8627483367231207,9.351648317191848e-05,2.055521883674843e-06,0.2338595858804946,4.418342209456596,15.032508801046667,1.2921743092035862,5.790288864994528,0.7857633389252606,0.037713770291663326,0.9756075688325803,0.6276164234194277,12.217773744875982,0.41868432171317965,0.1498097369012115
PRKD1,33.55545974426581,29.709817419770562,12.66928206474325,14.570116240638782,2.8846101695648443,4.402469599251289e-08,33.04163279824249,0.17985975876970772,0.00028902001363110354,-0.0,12.493410613886557,32.73866419890945,33.67728707390632,3.5962872340158856,21.334822417810575,17.171044111687543,-0.0,0.020891514277870157,0.6706657824476088,30.39007925245621,33.70738990636657,26.97893976454301,31.50298781810806,27.321743794385295,14.790198732808658,25.01254613010123,0.03743887128607753,33.38424873469259,30.009820175862732,2.1436999581484864e-13
PRKD2,21.9754152690638,1.5356895577506295,0.026645264094256153,22.152776504647896,11.985696097980956,0.09170052530625138,4.465414013398562,1.2818890996487992e-06,1.5982957429126834,5.327668170872951e-12,1.469117618406077,16.413174380237226,8.072091722651994,10.45869047609402,3.6963831279431414,12.959376239891675,1.4516551734375848e-11,2.4637910634483617e-07,1.4903534051354947,17.882716898996456,19.880901647164904,12.410132072841812,14.092149717293095,17.143944587634294,2.839920198546859,0.12875745982533238,8.789234777037427,16.866190374399515,7.34123020039139,3.2406796299151424
PRKD3,19.305273041973884,0.1501794128350727,0.22066154266726687,20.24557920006294,11.981448571682533,0.06594706921214501,6.975434314472571,1.0451124500413075e-05,0.14158903693726607,2.4252835783815848e-14,0.7534974812100816,16.779922526928285,10.809864154805764,6.2845728684308675,1.3213315597778839,8.35653245463373,3.951418103307945e-10,1.090188313301789e-07,3.4596031724263128,19.47817387495303,15.582459872215443,12.463656748742975,11.443730505036138,11.87068828459857,3.4991296970113064,0.09921148263708858,11.302952086682978,17.965138304188315,5.893523431240741,0.8176480826650442
PRKG1,0.30382577387273396,4.418594244130286e-05,0.0019079914742112783,0.05325138737360682,0.01904176199663962,0.00022728394578186797,0.01724884404586866,0.00025565100240595507,0.2794476973760865,6.287415081927888e-14,2.3806771289214376e-08,0.25767890081117284,1.9459932289985076,0.7705946283577696,2.0224746765815986,5.196376051205974,2.5168946877041524e-14,5.2930545365781656e-09,0.1646635229021167,5.914705382882114,1.2138322226490064,9.420106024925447,0.06056482663064486,6.577317522857402e-09,0.1801412896179442,0.24725406228359786,0.9673614064080189,2.8343964102849704,7.74668970094371e-06,0.030056190788253237
PRKG2,3.1987195965821767e-05,0.17386078889351544,-0.0,-0.0,-0.0,-0.0,1.2809595685776172e-11,-0.0,-0.0,-0.0,-0.0,6.662049941003444e-09,3.8051878904977765,-0.0,3.993061203235455e-09,16.799113456365376,-0.0,-0.0,-0.0,6.235542918515495e-05,11.332389070393404,0.00046536778701225957,5.386048663032884e-08,-0.0,8.182318553705412e-14,-0.0,-0.0,1.984411132308147,4.3455440411091525e-11,-0.0
ROCK1,13.144391504834568,2.99323388707725,2.8447660263322064e-15,1.5429239464852621e-15,-0.0,-0.0,12.759428009826598,-0.0,1.457580965695538e-13,-0.0,1.9747653635746905,20.102556031200137,8.66131238396501,0.0014214096107912275,0.0017046265995528857,4.250821863716855,-0.0,-0.0,9.643062909032462e-08,21.574203862675564,24.884477078654292,1.9260662280004657,2.398470646217844,-0.0,0.06408434563282252,0.003126699608203169,4.52406290598763e-08,24.09915754922648,-0.0,-0.0
ROCK2,0.13920269348108485,0.09231291523132802,0.00021016842633767631,1.9669344878626673,2.1688365957964276e-07,0.0022302102176162833,0.11809640502287445,2.009224492941749e-12,5.647225253305568e-06,3.920410634164012e-11,0.00021031451023903325,0.07261678786587097,0.4369732902339872,0.1062716146661517,0.07972128027884547,0.08573228470982173,3.454401954981224e-09,4.362861407234082e-09,0.006104021825206515,1.3624387451868543,3.723217519327781,0.8737674940249088,0.001163331565339868,2.3175103365884683e-07,0.0033581203555943058,0.32741405064156,4.322496894958443e-05,2.9087848868821635,1.560252137090326e-05,1.2687974241875875e-09
RPS6KA1,1.5834130516379583,0.21731236767211565,0.3026374989539908,0.20665207414927786,0.28604489152031565,0.004587888408397773,6.718145985363064e-05,0.10138607019704425,0.002986895997757381,0.004211611615631248,0.32186234553821746,5.788645189769557,1.0685871827021944,0.7019991584218439,0.04657911324391684,0.11604601570078318,0.03142761889948979,0.4092357640956812,0.5123089784729943,1.0699812335883063,1.559052665405149,3.273236290502388,0.6695698933262534,0.18306915854192002,1.4237794313574816,0.660958641964764,1.7106660351566272,1.4998502767727697,0.025468428621852203,0.8640361543207952
RPS6KA3,9.01753316494013,0.5189695798674152,0.5280541067290994,5.9741097026841254,2.9879688823466717,0.010831626684219806,1.504421629664564,0.550130307864375,0.0012850057113469936,0.011906792833468977,0.7254826838459755,9.67644175901612,1.4361692115106794,3.8272262272015736,7.6269080997503425,6.03530833792141,0.018186866932242664,0.26968953443226695,3.1152010765807843,3.245447075555356,1.5780128332047398,5.405472583698056,3.3609025075452412,2.8337063698944918,0.44928135546620085,2.1912116054153943,4.309290240413953,1.850361999261465,3.7867956503135907,2.566790378743573
RPS6KB1,21.709722719259872,3.6466996562745235,8.156919240809675,19.48325984481339,15.495175801117924,0.00043358444417829727,2.8411638938727504,1.3452626661444793,0.0036325859719772507,0.08397861968693007,12.750022107570564,12.026694980141231,8.354278062152943,30.512775204026696,2.1235183268959124,8.445463613640563,0.01523125674637142,0.003526360595348672,0.1890765203749256,11.502437354861051,22.16365077267119,24.78687512873471,21.19520911681682,14.508990699648272,3.3542176600737137,0.0009821095824980215,18.272191833487376,17.814681054177537,4.618989532141377,9.33644925695788
RPS6KB2,24.12100279316676,6.76150901208673,2.677271474174669,21.97957999287048,15.261374876839389,0.7993113833855024,8.645998432437324,0.9706400529499459,0.02329538521764455,0.9274916503476626,10.807853128983817,20.399945967315883,14.906672194617132,31.015549917102692,9.35187184026022,10.477332403139734,1.1961633091149189,0.8591623939794999,0.46867626732238055,23.58355447278585,25.726606035487503,26.490007705582407,23.455876970814515,21.0194273108799,4.88857352879133,0.0010356636063727361,13.6608665769575,23.444248572192322,7.781831022228022,20.7739601376104
SGK1,0.12026095052535925,0.30040551998753195,0.0013281792994995932,1.0563217650865928,6.200338179539941e-05,0.000783741725898542,0.8394410865271397,1.5782240780882648e-05,0.0720250578750825,0.024152333493015335,0.0011257179367751009,6.515638279699691,0.26286714388881066,6.038671500710266,9.913453631938886e-05,0.0026045014379849213,1.51530557711309e-07,1.2085619857495822e-05,0.11711911466838064,2.732095058107943,1.4871327068860662,0.09006395012537935,3.923879604699704,0.00025626439055435093,0.11052871274167432,0.11395544234343388,0.9864738386151739,1.233349591941097,0.001288458480869459,0.4449034157985575
SGK2,3.0625910358229826,0.40869428142226855,0.5371428531665025,3.408366145878445,0.33075487726935643,0.17706195711531,3.846547631268753,0.17256031180912,0.10247907862401151,0.1203481450413451,0.5398443016381521,5.213628182409025,0.4783712885658393,7.815143073629957,1.0651069611169572,0.460735338273433,0.08206978507933803,1.0803165233648218,0.16009268811708705,3.6342979158210253,1.5710579212893006,0.6587885265792678,8.584379191526178,1.2546795197698668,1.0693615169783621,0.4101114883235145,3.9948664603874926,1.006341438194305,1.6939403029654152,1.8344483661374165
SGK3,1.7074775607842974,0.15123046910135077,0.11907978920471984,3.3618146574524657,0.2579214268510324,0.014426799299527473,1.2818503942582702,0.007961415535845827,0.01095752285199368,0.0030016049768827155,0.3761383789316515,4.539325694637753,0.39817040508689416,8.924645118382003,0.17174260955225787,0.04440994890770999,0.00020213626324395612,0.0016172541221373107,0.02996222623843433,3.338295491201447,0.901701127075281,0.27819866559054796,3.1646447177001797,0.7329115067932185,0.030274405397561613,0.0006554426306013109,1.0868756831910946,0.49469799349537674,0.2450239525826965,1.2925222041591673
TLK2,3.512808356573166e-05,5.737748425992096e-15,2.8368031513728772e-06,0.00338444295690547,9.882047943459197e-10,1.0729589556618404e-12,-0.0,9.146646020258892e-14,7.383204987064888e-09,2.710654363962243,1.1029254316976632e-11,1.9481829293829176e-05,3.82045809375923e-10,0.10140140299418453,-0.0,3.924812788872056e-14,4.98767197846143e-07,2.5178018159327963e-07,0.0036045642589455644,0.06283372490716736,7.955701599065347e-14,1.2975026062476416e-13,2.608648780697024e-07,-0.0,6.65530601042261e-13,3.4522025776835913e-08,1.0116412811411779e-07,2.660303383135172e-08,1.2777553205864329e-06,-0.0
